﻿<?xml version="1.0" encoding="utf-8"?>
<Defs>
  <!--Robotics-->
  <RecipeDef>
    <defName>MakeRobotics</defName>
    <label>Make Robotics</label>
    <description>Make Robotics.</description>
    <jobString>Making robotics.</jobString>
    <workSpeedStat>SmithingSpeed</workSpeedStat>
    <effectWorking>Cook</effectWorking>
    <soundWorking>Recipe_Machining</soundWorking>
    <workAmount>2500</workAmount>
    <ingredients>
      <li>
        <filter>
          <thingDefs>
            <li>Steel</li>
          </thingDefs>
        </filter>
        <count>25</count>
      </li>
      <li>
        <filter>
          <thingDefs>
            <li>Plasteel</li>
          </thingDefs>
        </filter>
        <count>5</count>
      </li>
      <li>
        <filter>
          <thingDefs>
            <li>Component</li>
          </thingDefs>
        </filter>
        <count>5</count>
      </li>
    </ingredients>
    <fixedIngredientFilter>
      <thingDefs>
        <li>Steel</li>
        <li>Plasteel</li>
        <li>Component</li>
      </thingDefs>
    </fixedIngredientFilter>
    <products>
      <Robotics>10</Robotics>
    </products>
    <skillRequirements>
      <li>
        <skill>Crafting</skill>
        <minLevel>7</minLevel>
      </li>
    </skillRequirements>
    <workSkill>Crafting</workSkill>
  </RecipeDef>
  <RecipeDef>
    <defName>MakeMiningRobot</defName>
    <label>Make Mining Robots</label>
    <description>Make mining robots.</description>
    <jobString>Making mining robots.</jobString>
    <workSpeedStat>SmithingSpeed</workSpeedStat>
    <effectWorking>Cook</effectWorking>
    <soundWorking>Recipe_Machining</soundWorking>
    <workAmount>3000</workAmount>
    <ingredients>
      <li>
        <filter>
          <thingDefs>
            <li>Steel</li>
          </thingDefs>
        </filter>
        <count>50</count>
      </li>
      <li>
        <filter>
          <thingDefs>
            <li>Robotics</li>
          </thingDefs>
        </filter>
        <count>1</count>
      </li>
    </ingredients>
    <fixedIngredientFilter>
      <thingDefs>
        <li>Steel</li>
        <li>Robotics</li>
      </thingDefs>
    </fixedIngredientFilter>
    <products>
      <MiningRobots>1</MiningRobots>
    </products>
    <skillRequirements>
      <li>
        <skill>Crafting</skill>
        <minLevel>7</minLevel>
      </li>
    </skillRequirements>
    <workSkill>Crafting</workSkill>
  </RecipeDef>
  <!--Alloy Smelting-->
  <RecipeDef>
    <defName>MakePlasteel</defName>
    <label>Make Plasteel</label>
    <description>Make Plasteel.</description>
    <jobString>Making Plasteel.</jobString>
    <workSpeedStat>SmeltingSpeed</workSpeedStat>
    <effectWorking>Smelt</effectWorking>
    <soundWorking>Recipe_Smelt</soundWorking>
    <workAmount>2000</workAmount>
    <ingredients>
      <li>
        <filter>
          <thingDefs>
            <li>Steel</li>
          </thingDefs>
        </filter>
        <count>25</count>
      </li>
      <li>
        <filter>
          <thingDefs>
            <li>Cobalt</li>
          </thingDefs>
        </filter>
        <count>2</count>
      </li>
      <li>
        <filter>
          <thingDefs>
            <li>Platinum</li>
          </thingDefs>
        </filter>
        <count>1</count>
      </li>
    </ingredients>
    <fixedIngredientFilter>
      <thingDefs>
        <li>Steel</li>
        <li>Cobalt</li>
        <li>Platinum</li>
      </thingDefs>
    </fixedIngredientFilter>
    <products>
      <Plasteel>7</Plasteel>
    </products>
    <skillRequirements>
      <li>
        <skill>Crafting</skill>
        <minLevel>4</minLevel>
      </li>
    </skillRequirements>
    <workSkill>Crafting</workSkill>
  </RecipeDef>
  <RecipeDef>
    <defName>MakeTitanAlloy</defName>
    <label>Make TitanAlloy</label>
    <description>Make TitanAlloy.</description>
    <jobString>Making TitanAlloy.</jobString>
    <workSpeedStat>SmeltingSpeed</workSpeedStat>
    <effectWorking>Smelt</effectWorking>
    <soundWorking>Recipe_Smelt</soundWorking>
    <workAmount>2500</workAmount>
    <ingredients>
      <li>
        <filter>
          <thingDefs>
            <li>Titanium</li>
          </thingDefs>
        </filter>
        <count>50</count>
      </li>
      <li>
        <filter>
          <thingDefs>
            <li>Cobalt</li>
          </thingDefs>
        </filter>
        <count>5</count>
      </li>
      <li>
        <filter>
          <thingDefs>
            <li>Platinum</li>
          </thingDefs>
        </filter>
        <count>4</count>
      </li>
    </ingredients>
    <fixedIngredientFilter>
      <thingDefs>
        <li>Titanium</li>
        <li>Cobalt</li>
        <li>Platinum</li>
      </thingDefs>
    </fixedIngredientFilter>
    <products>
      <TitanAlloy>25</TitanAlloy>
    </products>
    <skillRequirements>
      <li>
        <skill>Crafting</skill>
        <minLevel>10</minLevel>
      </li>
    </skillRequirements>
    <workSkill>Crafting</workSkill>
  </RecipeDef>
  <!--Mining-Metals-->
  <RecipeDef>
    <defName>MineSteel</defName>
    <label>Mine Steel</label>
    <description>Mine Steel.</description>
    <jobString>Mining Steel.</jobString>
    <workSpeedStat>StonecuttingSpeed</workSpeedStat>
    <soundWorking>Recipe_Machining</soundWorking>
    <workAmount>1500</workAmount>
    <products>
      <Steel>25</Steel>
    </products>
    <skillRequirements>
      <li>
        <skill>Crafting</skill>
        <minLevel>5</minLevel>
      </li>
    </skillRequirements>
    <workSkill>Crafting</workSkill>
  </RecipeDef>
  <RecipeDef>
    <defName>MineSilver</defName>
    <label>Mine Silver</label>
    <description>Mine Silver.</description>
    <jobString>Mining Silver.</jobString>
    <workSpeedStat>StonecuttingSpeed</workSpeedStat>
    <soundWorking>Recipe_Machining</soundWorking>
    <workAmount>1500</workAmount>
    <products>
      <Silver>10</Silver>
    </products>
    <skillRequirements>
      <li>
        <skill>Crafting</skill>
        <minLevel>5</minLevel>
      </li>
    </skillRequirements>
    <workSkill>Crafting</workSkill>
  </RecipeDef>
  <RecipeDef>
    <defName>MineGold</defName>
    <label>Mine Gold</label>
    <description>Mine Gold.</description>
    <jobString>Mining Gold.</jobString>
    <workSpeedStat>StonecuttingSpeed</workSpeedStat>
    <soundWorking>Recipe_Machining</soundWorking>
    <workAmount>1500</workAmount>
    <products>
      <Gold>5</Gold>
    </products>
    <skillRequirements>
      <li>
        <skill>Crafting</skill>
        <minLevel>5</minLevel>
      </li>
    </skillRequirements>
    <workSkill>Crafting</workSkill>
  </RecipeDef>
  <RecipeDef>
    <defName>MineUranium</defName>
    <label>Mine Uranium</label>
    <description>Mine Uranium.</description>
    <jobString>Mining Uranium.</jobString>
    <workSpeedStat>StonecuttingSpeed</workSpeedStat>
    <soundWorking>Recipe_Machining</soundWorking>
    <workAmount>1500</workAmount>
    <products>
      <Uranium>4</Uranium>
    </products>
    <skillRequirements>
      <li>
        <skill>Crafting</skill>
        <minLevel>5</minLevel>
      </li>
    </skillRequirements>
    <workSkill>Crafting</workSkill>
  </RecipeDef>
  <RecipeDef>
    <defName>MineCobalt</defName>
    <label>Mine Cobalt</label>
    <description>Mine Cobalt.</description>
    <jobString>Mining Cobalt.</jobString>
    <workSpeedStat>StonecuttingSpeed</workSpeedStat>
    <soundWorking>Recipe_Machining</soundWorking>
    <workAmount>1500</workAmount>
    <products>
      <Cobalt>1</Cobalt>
    </products>
    <skillRequirements>
      <li>
        <skill>Crafting</skill>
        <minLevel>5</minLevel>
      </li>
    </skillRequirements>
    <workSkill>Crafting</workSkill>
  </RecipeDef>
  <RecipeDef>
    <defName>MineTitanium</defName>
    <label>Mine Titanium</label>
    <description>Mine Titanium.</description>
    <jobString>Mining Titanium.</jobString>
    <workSpeedStat>StonecuttingSpeed</workSpeedStat>
    <soundWorking>Recipe_Machining</soundWorking>
    <workAmount>1500</workAmount>
    <products>
      <Titanium>10</Titanium>
    </products>
    <skillRequirements>
      <li>
        <skill>Crafting</skill>
        <minLevel>5</minLevel>
      </li>
    </skillRequirements>
    <workSkill>Crafting</workSkill>
  </RecipeDef>
  <RecipeDef>
    <defName>MinePlatinum</defName>
    <label>Mine Platinum</label>
    <description>Mine Platinum.</description>
    <jobString>Mining Platinum.</jobString>
    <workSpeedStat>StonecuttingSpeed</workSpeedStat>
    <soundWorking>Recipe_Machining</soundWorking>
    <workAmount>1500</workAmount>
    <products>
      <Platinum>1</Platinum>
    </products>
    <skillRequirements>
      <li>
        <skill>Crafting</skill>
        <minLevel>5</minLevel>
      </li>
    </skillRequirements>
    <workSkill>Crafting</workSkill>
  </RecipeDef>
  <!--Mining-Stones-->
  <RecipeDef>
    <defName>MineSandstone</defName>
    <label>Mine Sandstone</label>
    <description>Mine Sandstone.</description>
    <jobString>Mining Sandstone.</jobString>
    <workSpeedStat>StonecuttingSpeed</workSpeedStat>
    <soundWorking>Recipe_Machining</soundWorking>
    <workAmount>800</workAmount>
    <products>
      <ChunkSandstone>1</ChunkSandstone>
    </products>
    <skillRequirements>
      <li>
        <skill>Crafting</skill>
        <minLevel>5</minLevel>
      </li>
    </skillRequirements>
    <workSkill>Crafting</workSkill>
  </RecipeDef>
  <RecipeDef>
    <defName>MineMarble</defName>
    <label>Mine Marble</label>
    <description>Mine Marble.</description>
    <jobString>Mining Marble.</jobString>
    <workSpeedStat>StonecuttingSpeed</workSpeedStat>
    <soundWorking>Recipe_Machining</soundWorking>
    <workAmount>800</workAmount>
    <products>
      <ChunkMarble>1</ChunkMarble>
    </products>
    <skillRequirements>
      <li>
        <skill>Crafting</skill>
        <minLevel>5</minLevel>
      </li>
    </skillRequirements>
    <workSkill>Crafting</workSkill>
  </RecipeDef>
  <RecipeDef>
    <defName>MineSlate</defName>
    <label>Mine Slate</label>
    <description>Mine Slate.</description>
    <jobString>Mining Slate.</jobString>
    <workSpeedStat>StonecuttingSpeed</workSpeedStat>
    <soundWorking>Recipe_Machining</soundWorking>
    <workAmount>800</workAmount>
    <products>
      <ChunkSlate>1</ChunkSlate>
    </products>
    <skillRequirements>
      <li>
        <skill>Crafting</skill>
        <minLevel>5</minLevel>
      </li>
    </skillRequirements>
    <workSkill>Crafting</workSkill>
  </RecipeDef>
  <RecipeDef>
    <defName>MineGranite</defName>
    <label>Mine Granite</label>
    <description>Mine Granite.</description>
    <jobString>Mining Granite.</jobString>
    <workSpeedStat>StonecuttingSpeed</workSpeedStat>
    <soundWorking>Recipe_Machining</soundWorking>
    <workAmount>800</workAmount>
    <products>
      <ChunkGranite>1</ChunkGranite>
    </products>
    <skillRequirements>
      <li>
        <skill>Crafting</skill>
        <minLevel>5</minLevel>
      </li>
    </skillRequirements>
    <workSkill>Crafting</workSkill>
  </RecipeDef>
  <RecipeDef>
    <defName>MineJade</defName>
    <label>Mine Jade</label>
    <description>Mine Jade.</description>
    <jobString>Mining Jade.</jobString>
    <workSpeedStat>StonecuttingSpeed</workSpeedStat>
    <soundWorking>Recipe_Machining</soundWorking>
    <workAmount>1500</workAmount>
    <products>
      <Jade>4</Jade>
    </products>
    <skillRequirements>
      <li>
        <skill>Crafting</skill>
        <minLevel>5</minLevel>
      </li>
    </skillRequirements>
    <workSkill>Crafting</workSkill>
  </RecipeDef>
  <!--Bioreactor-->
  <RecipeDef>
    <defName>MakeCompost</defName>
    <label>Compost plant matter</label>
    <description>Compost plant material</description>
    <jobString>Composting plants</jobString>
    <workSpeedStat>StonecuttingSpeed</workSpeedStat>
    <soundWorking>Recipe_CookMeal</soundWorking>
    <workAmount>1250</workAmount>
    <ingredients>
      <li>
        <filter>
          <categories>
            <li>PlantFoodRaw</li>
          </categories>
        </filter>
        <count>5</count>
      </li>
    </ingredients>
    <fixedIngredientFilter>
      <categories>
        <li>PlantFoodRaw</li>
      </categories>
    </fixedIngredientFilter>
    <products>
      <Compost>20</Compost>
    </products>
    <workSkill>Crafting</workSkill>
  </RecipeDef>
  <RecipeDef>
    <defName>MakeEthanol</defName>
    <label>Ferment plant matter</label>
    <description>Make ethanol</description>
    <jobString>Fermenting plant matter</jobString>
    <workSpeedStat>StonecuttingSpeed</workSpeedStat>
    <soundWorking>Recipe_CookMeal</soundWorking>
    <workAmount>1250</workAmount>
    <ingredients>
      <li>
        <filter>
          <categories>
            <li>PlantFoodRaw</li>
          </categories>
        </filter>
        <count>5</count>
      </li>
    </ingredients>
    <fixedIngredientFilter>
      <categories>
        <li>PlantFoodRaw</li>
      </categories>
    </fixedIngredientFilter>
    <products>
      <Ethanol>1</Ethanol>
    </products>
    <workSkill>Crafting</workSkill>
  </RecipeDef>
</Defs>