﻿<?xml version="1.0" encoding="utf-8"?>
<ThingDefs>
  <ThingDef ParentName="BenchBase">
    <DefName>RobotMiningComplex</DefName>
    <label>Robot Mining Complex</label>
    <ThingClass>Building_WorkTable</ThingClass>
    <Description>The homebase and resource drop off for a small army of mining robots. Requires a skilled colonist to operate.</Description>
    <graphicData>
      <texPath>Buildings/RobotMiningComplex</texPath>
      <graphicClass>Graphic_Single</graphicClass>
      <drawSize>(3,3)</drawSize>
      <damageData>
        <cornerTL>Damage/Corner</cornerTL>
        <cornerTR>Damage/Corner</cornerTR>
        <cornerBL>Damage/Corner</cornerBL>
        <cornerBR>Damage/Corner</cornerBR>
      </damageData>
    </graphicData>
    <CostList>
      <Steel>200</Steel>
      <Component>20</Component>
      <MiningRobots>20</MiningRobots>
    </CostList>
    <constructEffect>ConstructMetal</constructEffect>
    <AltitudeLayer>Building</AltitudeLayer>
    <fillPercent>1</fillPercent>
    <useHitPoints>True</useHitPoints>
    <statBases>
      <WorkToMake>3500</WorkToMake>
      <MaxHitPoints>500</MaxHitPoints>
      <Flammability>0</Flammability>
      <WorkTableWorkSpeedFactor>0.5</WorkTableWorkSpeedFactor>
    </statBases>
    <Size>(3,3)</Size>
    <DesignationCategory>Production</DesignationCategory>
    <Passability>Impassable</Passability>
    <pathCost>150</pathCost>
    <hasInteractionCell>True</hasInteractionCell>
    <interactionCellOffset>(0,0,2)</interactionCellOffset>
    <surfaceType>Item</surfaceType>
    <inspectorTabs>
      <li>ITab_Bills</li>
    </inspectorTabs>
    <recipes>
      <li>MineSteel</li>
      <li>MineSilver</li>
      <li>MineGold</li>
      <li>MineUranium</li>
      <li>MineCobalt</li>
      <li>MineTitanium</li>
      <li>MinePlatinum</li>
      <li>MineSandstone</li>
      <li>MineMarble</li>
      <li>MineSlate</li>
      <li>MineGranite</li>
      <li>MineJade</li>
    </recipes>
    <building>
      <spawnedConceptLearnOpportunity>BillsTab</spawnedConceptLearnOpportunity>
    </building>
    <comps>
      <li Class="CompProperties_Power">
        <compClass>CompPowerTrader</compClass>
        <basePowerConsumption>2000</basePowerConsumption>
        <startElectricalFires>False</startElectricalFires>
      </li>
      <li Class="CompProperties_Flickable" />
      <li Class="CompProperties_Breakdownable" />
      <li Class="CompProperties_AffectedByFacilities">
        <linkableFacilities>
          <li>MiningRobotBay</li>
        </linkableFacilities>
      </li>
    </comps>
    <researchPrerequisites>
      <li>Robotics</li>
    </researchPrerequisites>
    <placeWorkers>
      <li>PlaceWorker_ShowFacilitiesConnections</li>
    </placeWorkers>
  </ThingDef>
  <ThingDef ParentName="BuildingBase">
    <defName>MiningRobotBay</defName>
    <label>Mining robot bay</label>
    <ThingClass>Building_WorkTable</ThingClass>
    <graphicData>
      <texPath>Buildings/MiningRobotBay</texPath>
      <graphicClass>Graphic_Single</graphicClass>
      <drawSize>(1,1)</drawSize>
      <color>(96,114,95)</color>
      <damageData>
        <cornerTL>Damage/Corner</cornerTL>
        <cornerTR>Damage/Corner</cornerTR>
        <cornerBL>Damage/Corner</cornerBL>
        <cornerBR>Damage/Corner</cornerBR>
      </damageData>
    </graphicData>
    <altitudeLayer>Building</altitudeLayer>
    <passability>PassThroughOnly</passability>
    <castEdgeShadows>true</castEdgeShadows>
    <staticSunShadowHeight>0.35</staticSunShadowHeight>
    <fillPercent>0.5</fillPercent>
    <statBases>
      <MaxHitPoints>100</MaxHitPoints>
      <WorkToMake>1800</WorkToMake>
      <Flammability>1.0</Flammability>
    </statBases>
    <description>Increases the mining speed of the robot mining complex. Must be placed ajacent.</description>
    <size>(1,1)</size>
    <costList>
      <Steel>80</Steel>
      <Plasteel>10</Plasteel>
      <MiningRobots>10</MiningRobots>
      <Component>1</Component>
    </costList>
    <designationCategory>Misc</designationCategory>
    <comps>
      <li Class="CompProperties_Facility">
        <statOffsets>
          <WorkTableWorkSpeedFactor>0.25</WorkTableWorkSpeedFactor>
        </statOffsets>
        <maxSimultaneous>8</maxSimultaneous>
        <mustBePlacedAdjacent>true</mustBePlacedAdjacent>
      </li>
      <li Class="CompProperties_Power">
        <compClass>CompPowerTrader</compClass>
        <basePowerConsumption>1000</basePowerConsumption>
        <startElectricalFires>False</startElectricalFires>
      </li>
      <li Class="CompProperties_Flickable" />
    </comps>
    <researchPrerequisites>
      <li>Robotics</li>
    </researchPrerequisites>
    <placeWorkers>
      <li>PlaceWorker_ShowFacilitiesConnections</li>
    </placeWorkers>
  </ThingDef>
  <ThingDef ParentName="BenchBase">
    <DefName>RoboticsWorkbench</DefName>
    <label>Robotics workbench</label>
    <ThingClass>Building_WorkTable</ThingClass>
    <Description>A work station for assembling robotics </Description>
    <graphicData>
      <texPath>Buildings/RoboticsWorkbench</texPath>
      <graphicClass>Graphic_Single</graphicClass>
      <drawSize>(3.5,1.5)</drawSize>
      <damageData>
        <cornerTL>Damage/Corner</cornerTL>
        <cornerTR>Damage/Corner</cornerTR>
        <cornerBL>Damage/Corner</cornerBL>
        <cornerBR>Damage/Corner</cornerBR>
      </damageData>
    </graphicData>
    <CostList>
      <Steel>150</Steel>
      <Component>5</Component>
    </CostList>
    <AltitudeLayer>Pawn</AltitudeLayer>
    <fillPercent>0.5</fillPercent>
    <useHitPoints>True</useHitPoints>
    <statBases>
      <WorkToMake>4000</WorkToMake>
      <MaxHitPoints>180</MaxHitPoints>
      <Flammability>1.0</Flammability>
    </statBases>
    <Size>(3,1)</Size>
    <DesignationCategory>Production</DesignationCategory>
    <Passability>PassThroughOnly</Passability>
    <pathCost>70</pathCost>
    <hasInteractionCell>True</hasInteractionCell>
    <interactionCellOffset>(0,0,-1)</interactionCellOffset>
    <surfaceType>Item</surfaceType>
    <recipes>
      <li>MakeRobotics</li>
      <li>MakeMiningRobot</li>
    </recipes>
    <inspectorTabs>
      <li>ITab_Bills</li>
    </inspectorTabs>
    <comps>
      <li Class="CompProperties_Power">
        <compClass>CompPowerTrader</compClass>
        <startElectricalFires>true</startElectricalFires>
        <basePowerConsumption>500</basePowerConsumption>
      </li>
      <li Class="CompProperties_Flickable" />
      <li Class="CompProperties_Glower">
        <glowRadius>5</glowRadius>
        <glowColor>(73,123,138,0)</glowColor>
      </li>
      <li Class="CompProperties_AffectedByFacilities">
        <linkableFacilities>
          <li>ToolCabinet</li>
        </linkableFacilities>
      </li>
      <li Class="CompProperties_Breakdownable" />
    </comps>
    <building>
      <spawnedConceptLearnOpportunity>BillsTab</spawnedConceptLearnOpportunity>
    </building>
    <constructEffect>ConstructMetal</constructEffect>
    <researchPrerequisites>
      <li>Robotics</li>
    </researchPrerequisites>
    <placeWorkers>
      <li>PlaceWorker_ShowFacilitiesConnections</li>
    </placeWorkers>
  </ThingDef>
  <ThingDef ParentName="BenchBase">
    <DefName>AlloyForge</DefName>
    <label>Alloy Forge</label>
    <ThingClass>Building_WorkTable_HeatPush</ThingClass>
    <Description>Used to smelt base metals into more advanced alloys.</Description>
    <graphicData>
      <texPath>Things/Building/Production/ElectricSmelter</texPath>
      <graphicClass>Graphic_Multi</graphicClass>
      <drawSize>(3.5,1.5)</drawSize>
      <damageData>
        <cornerTL>Damage/Corner</cornerTL>
        <cornerTR>Damage/Corner</cornerTR>
        <cornerBL>Damage/Corner</cornerBL>
        <cornerBR>Damage/Corner</cornerBR>
      </damageData>
    </graphicData>
    <constructEffect>ConstructMetal</constructEffect>
    <CostList>
      <Steel>200</Steel>
      <Component>6</Component>
    </CostList>
    <AltitudeLayer>Pawn</AltitudeLayer>
    <fillPercent>0.5</fillPercent>
    <useHitPoints>True</useHitPoints>
    <statBases>
      <WorkToMake>3500</WorkToMake>
      <MaxHitPoints>180</MaxHitPoints>
      <Flammability>1.0</Flammability>
    </statBases>
    <Size>(3,1)</Size>
    <DesignationCategory>Production</DesignationCategory>
    <Passability>PassThroughOnly</Passability>
    <pathCost>70</pathCost>
    <hasInteractionCell>True</hasInteractionCell>
    <interactionCellOffset>(0,0,-1)</interactionCellOffset>
    <surfaceType>Item</surfaceType>
    <recipes>
      <li>MakePlasteel</li>
      <li>MakeTitanAlloy</li>
    </recipes>
    <inspectorTabs>
      <li>ITab_Bills</li>
    </inspectorTabs>
    <comps>
      <li Class="CompProperties_Power">
        <compClass>CompPowerTrader</compClass>
        <basePowerConsumption>1000</basePowerConsumption>
        <startElectricalFires>true</startElectricalFires>
      </li>
      <li Class="CompProperties_Flickable" />
      <li Class="CompProperties_Glower">
        <glowRadius>8</glowRadius>
        <glowColor>(217,112,33,0)</glowColor>
      </li>
      <li Class="CompProperties_HeatPusher">
        <compClass>CompHeatPusherPowered</compClass>
        <heatPerSecond>5</heatPerSecond>
      </li>
      <li Class="CompProperties_Breakdownable" />
    </comps>
    <building>
      <spawnedConceptLearnOpportunity>BillsTab</spawnedConceptLearnOpportunity>
      <heatPerTickWhileWorking>1</heatPerTickWhileWorking>
    </building>
    <researchPrerequisites>
      <li>Alloys</li>
    </researchPrerequisites>
  </ThingDef>
  <ThingDef ParentName="BenchBase">
    <DefName>Bioreactor</DefName>
    <label>Bioreactor</label>
    <ThingClass>Building_WorkTable</ThingClass>
    <Description>Used to convert plant matter into compost or ethanol.</Description>
    <graphicData>
      <texPath>Buildings/Bioreactor</texPath>
      <graphicClass>Graphic_Single</graphicClass>
      <drawSize>(1,1)</drawSize>
      <damageData>
        <cornerTL>Damage/Corner</cornerTL>
        <cornerTR>Damage/Corner</cornerTR>
        <cornerBL>Damage/Corner</cornerBL>
        <cornerBR>Damage/Corner</cornerBR>
      </damageData>
    </graphicData>
    <constructEffect>ConstructMetal</constructEffect>
    <CostList>
      <Steel>150</Steel>
      <Component>3</Component>
    </CostList>
    <AltitudeLayer>Pawn</AltitudeLayer>
    <fillPercent>0.5</fillPercent>
    <useHitPoints>True</useHitPoints>
    <statBases>
      <WorkToMake>2100</WorkToMake>
      <MaxHitPoints>125</MaxHitPoints>
      <Flammability>1.0</Flammability>
    </statBases>
    <Size>(1,1)</Size>
    <DesignationCategory>Production</DesignationCategory>
    <Passability>PassThroughOnly</Passability>
    <pathCost>70</pathCost>
    <hasInteractionCell>True</hasInteractionCell>
    <interactionCellOffset>(0,0,-1)</interactionCellOffset>
    <surfaceType>Item</surfaceType>
    <recipes>
      <li>MakeCompost</li>
      <li>MakeEthanol</li>
    </recipes>
    <inspectorTabs>
      <li>ITab_Bills</li>
    </inspectorTabs>
    <comps>
      <li Class="CompProperties_Power">
        <compClass>CompPowerTrader</compClass>
        <basePowerConsumption>250</basePowerConsumption>
        <startElectricalFires>true</startElectricalFires>
      </li>
      <li Class="CompProperties_Flickable" />
      <li Class="CompProperties_Breakdownable" />
    </comps>
    <building>
      <spawnedConceptLearnOpportunity>BillsTab</spawnedConceptLearnOpportunity>
    </building>
    <researchPrerequisites>
      <li>Bioscience</li>
    </researchPrerequisites>
  </ThingDef>
  <ThingDef ParentName="BuildingBase">
    <defName>BioGenerator</defName>
    <label>Biogenerator</label>
    <thingClass>Building</thingClass>
    <graphicData>
      <texPath>Things/Building/Power/FueledGenerator</texPath>
      <graphicClass>Graphic_Single</graphicClass>
      <drawSize>(2,2)</drawSize>
    </graphicData>
    <altitudeLayer>Building</altitudeLayer>
    <passability>Impassable</passability>
    <pathCost>150</pathCost>
    <fillPercent>1.0</fillPercent>
    <castEdgeShadows>false</castEdgeShadows>
    <rotatable>false</rotatable>
    <statBases>
      <MaxHitPoints>350</MaxHitPoints>
      <WorkToMake>2750</WorkToMake>
      <Flammability>1.0</Flammability>
    </statBases>
    <tickerType>Normal</tickerType>
    <description>Produces power by burning ethanol. Must be manually refueled.</description>
    <size>(2,2)</size>
    <building>
      <ignoreNeedsPower>true</ignoreNeedsPower>
    </building>
    <costList>
      <Steel>110</Steel>
      <Component>4</Component>
    </costList>
    <comps>
      <li Class="CompProperties_Power">
        <compClass>CompPowerTrader</compClass>
        <basePowerConsumption>-1000</basePowerConsumption>
        <transmitsPower>true</transmitsPower>
      </li>
      <li Class="CompProperties_Flickable" />
      <li Class="CompProperties_Refuelable">
        <fuelConsumptionRate>5.0</fuelConsumptionRate>
        <fuelCapacity>100.0</fuelCapacity>
        <fuelFilter>
          <thingDefs>
            <li>Ethanol</li>
          </thingDefs>
        </fuelFilter>
      </li>
      <li Class="CompProperties_Glower">
        <glowRadius>6</glowRadius>
        <glowColor>(217,112,33,0)</glowColor>
      </li>
      <li Class="CompProperties_HeatPusher">
        <compClass>CompHeatPusherPowered</compClass>
        <heatPerSecond>4</heatPerSecond>
      </li>
      <li Class="CompProperties_Breakdownable" />
    </comps>
    <terrainAffordanceNeeded>Heavy</terrainAffordanceNeeded>
    <designationCategory>Power</designationCategory>
    <staticSunShadowHeight>0.5</staticSunShadowHeight>
    <constructEffect>ConstructMetal</constructEffect>
    <researchPrerequisites>
      <li>Bioscience</li>
    </researchPrerequisites>
  </ThingDef>
</ThingDefs>