﻿<?xml version="1.0" encoding="utf-8"?>
<Defs>
  <!--Manufactured-->
  <ThingDef ParentName="ResourceBase">
    <defName>Robotics</defName>
    <label>Robotics</label>
    <description>Parts for robot assemblies.</description>
    <graphicData>
      <texPath>Items/Robotics</texPath>
      <graphicClass>Graphic_Single</graphicClass>
    </graphicData>
    <soundInteract>Metal_Drop</soundInteract>
    <soundDrop>Standard_Drop</soundDrop>
    <statBases>
      <MaxHitPoints>50</MaxHitPoints>
      <MarketValue>30</MarketValue>
      <Flammability>1.0</Flammability>
    </statBases>
    <thingCategories>
      <li>Manufactured</li>
    </thingCategories>
  </ThingDef>
  <ThingDef ParentName="ResourceBase">
    <defName>MiningRobots</defName>
    <label>Mining Robots</label>
    <description>Mining Robots for use in the Robot Mining Complex.</description>
    <graphicData>
      <texPath>Items/MiningRobots</texPath>
      <graphicClass>Graphic_Single</graphicClass>
    </graphicData>
    <soundInteract>Metal_Drop</soundInteract>
    <soundDrop>Standard_Drop</soundDrop>
    <statBases>
      <MaxHitPoints>50</MaxHitPoints>
      <MarketValue>45</MarketValue>
      <Flammability>1.0</Flammability>
    </statBases>
    <thingCategories>
      <li>Manufactured</li>
    </thingCategories>
  </ThingDef>
  <ThingDef ParentName="ResourceBase">
    <defName>Ethanol</defName>
    <label>Ethanol</label>
    <description>Like the stuff you'd find in your beer, just a whole lot more concentrated and not made consumption safe.</description>
    <graphicData>
      <texPath>Things/Item/Drug/Beer</texPath>
      <graphicClass>Graphic_StackCount</graphicClass>
    </graphicData>
    <statBases>
      <MaxHitPoints>50</MaxHitPoints>
      <MarketValue>5</MarketValue>
      <Flammability>1.0</Flammability>
    </statBases>
    <thingCategories>
      <li>Manufactured</li>
    </thingCategories>
  </ThingDef>
  <!--Raw Materials-->
  <ThingDef ParentName="ResourceBase">
    <defName>Cobalt</defName>
    <label>Cobalt</label>
    <description>A rare metal. Usually used for alloys, but can also be used on it's own.</description>
    <graphicData>
      <texPath>Items/Cobalt</texPath>
      <graphicClass>Graphic_Single</graphicClass>
    </graphicData>
    <soundInteract>Metal_Drop</soundInteract>
    <soundDrop>Metal_Drop</soundDrop>
    <useHitPoints>false</useHitPoints>
    <statBases>
      <MarketValue>50</MarketValue>
      <SharpDamageMultiplier>0.8</SharpDamageMultiplier>
      <BluntDamageMultiplier>1.0</BluntDamageMultiplier>
    </statBases>
    <thingCategories>
      <li>ResourcesRaw</li>
    </thingCategories>
    <stuffProps>
      <categories>
        <li>Metallic</li>
      </categories>
      <constructEffect>ConstructMetal</constructEffect>
      <color>(65,106,200)</color>
      <soundImpactStuff>BulletImpactMetal</soundImpactStuff>
      <soundMeleeHitSharp>MeleeHit_Metal_Sharp</soundMeleeHitSharp>
      <soundMeleeHitBlunt>MeleeHit_Metal_Blunt</soundMeleeHitBlunt>
      <statFactors>
        <MaxHitPoints>1.5</MaxHitPoints>
        <Beauty>2</Beauty>
        <Flammability>0.2</Flammability>
        <WorkToMake>3.0</WorkToMake>
        <MeleeWeapon_Cooldown>1</MeleeWeapon_Cooldown>
      </statFactors>
      <smeltable>true</smeltable>
    </stuffProps>
  </ThingDef>
  <ThingDef ParentName="ResourceBase">
    <defName>Titanium</defName>
    <label>Titanium</label>
    <description>A very strong, durable and lightweight metal.</description>
    <graphicData>
      <texPath>Items/Titanium</texPath>
      <graphicClass>Graphic_Single</graphicClass>
    </graphicData>
    <soundInteract>Metal_Drop</soundInteract>
    <soundDrop>Metal_Drop</soundDrop>
    <useHitPoints>false</useHitPoints>
    <statBases>
      <MarketValue>10</MarketValue>
      <SharpDamageMultiplier>1.5</SharpDamageMultiplier>
      <BluntDamageMultiplier>0.7</BluntDamageMultiplier>
    </statBases>
    <thingCategories>
      <li>ResourcesRaw</li>
    </thingCategories>
    <stuffProps>
      <categories>
        <li>Metallic</li>
      </categories>
      <constructEffect>ConstructMetal</constructEffect>
      <color>(240,240,240)</color>
      <soundImpactStuff>BulletImpactMetal</soundImpactStuff>
      <soundMeleeHitSharp>MeleeHit_Metal_Sharp</soundMeleeHitSharp>
      <soundMeleeHitBlunt>MeleeHit_Metal_Blunt</soundMeleeHitBlunt>
      <statFactors>
        <MaxHitPoints>3.0</MaxHitPoints>
        <Beauty>0.5</Beauty>
        <Flammability>0</Flammability>
        <WorkToMake>2.5</WorkToMake>
        <DoorOpenSpeed>1.4</DoorOpenSpeed>
        <MeleeWeapon_Cooldown>0.7</MeleeWeapon_Cooldown>
      </statFactors>
      <smeltable>true</smeltable>
    </stuffProps>
  </ThingDef>
  <ThingDef ParentName="ResourceBase">
    <defName>Platinum</defName>
    <label>Platinum</label>
    <description>A very rare metal, more valuable and shiny than gold.</description>
    <graphicData>
      <texPath>Items/Platinum</texPath>
      <graphicClass>Graphic_Single</graphicClass>
    </graphicData>
    <soundInteract>Metal_Drop</soundInteract>
    <soundDrop>Metal_Drop</soundDrop>
    <useHitPoints>false</useHitPoints>
    <statBases>
      <MarketValue>25</MarketValue>
      <SharpDamageMultiplier>1.0</SharpDamageMultiplier>
      <BluntDamageMultiplier>1.2</BluntDamageMultiplier>
    </statBases>
    <thingCategories>
      <li>ResourcesRaw</li>
    </thingCategories>
    <stuffProps>
      <categories>
        <li>Metallic</li>
      </categories>
      <constructEffect>ConstructMetal</constructEffect>
      <color>(240,240,255)</color>
      <soundImpactStuff>BulletImpactMetal</soundImpactStuff>
      <soundMeleeHitSharp>MeleeHit_Metal_Sharp</soundMeleeHitSharp>
      <soundMeleeHitBlunt>MeleeHit_Metal_Blunt</soundMeleeHitBlunt>
      <statOffsets>
        <Beauty>23</Beauty>
      </statOffsets>
      <statFactors>
        <MaxHitPoints>0.8</MaxHitPoints>
        <Beauty>10</Beauty>
        <Flammability>0</Flammability>
        <WorkToMake>2.0</WorkToMake>
        <MeleeWeapon_Cooldown>1</MeleeWeapon_Cooldown>
      </statFactors>
      <smeltable>true</smeltable>
    </stuffProps>
  </ThingDef>
  <ThingDef ParentName="ResourceBase">
    <defName>Compost</defName>
    <label>Compost</label>
    <description>A pile of composting plant matter, great for making growing bed.</description>
    <graphicData>
      <texPath>Items/Compost</texPath>
      <graphicClass>Graphic_Single</graphicClass>
    </graphicData>
    <useHitPoints>false</useHitPoints>
    <statBases>
      <MarketValue>1</MarketValue>
    </statBases>
    <thingCategories>
      <li>ResourcesRaw</li>
    </thingCategories>
  </ThingDef>
  <!--Alloys-->
  <ThingDef ParentName="ResourceBase">
    <defName>TitanAlloy</defName>
    <label>TitanAlloy</label>
    <description>An alloy containing platinum, titanium and cobalt. Lightweight and very strong, but not exactly easy to work with either.</description>
    <graphicData>
      <texPath>Items/TitanAlloy</texPath>
      <graphicClass>Graphic_Single</graphicClass>
    </graphicData>
    <soundInteract>Metal_Drop</soundInteract>
    <soundDrop>Metal_Drop</soundDrop>
    <useHitPoints>false</useHitPoints>
    <statBases>
      <MarketValue>40</MarketValue>
      <SharpDamageMultiplier>1.6</SharpDamageMultiplier>
      <BluntDamageMultiplier>0.8</BluntDamageMultiplier>
    </statBases>
    <thingCategories>
      <li>ResourcesRaw</li>
    </thingCategories>
    <stuffProps>
      <categories>
        <li>Metallic</li>
      </categories>
      <constructEffect>ConstructMetal</constructEffect>
      <color>(160,178,181)</color>
      <soundImpactStuff>BulletImpactMetal</soundImpactStuff>
      <soundMeleeHitSharp>MeleeHit_Metal_Sharp</soundMeleeHitSharp>
      <soundMeleeHitBlunt>MeleeHit_Metal_Blunt</soundMeleeHitBlunt>
      <statFactors>
        <MaxHitPoints>4</MaxHitPoints>
        <Beauty>1</Beauty>
        <Flammability>0</Flammability>
        <WorkToMake>3</WorkToMake>
        <DoorOpenSpeed>1.5</DoorOpenSpeed>
        <MeleeWeapon_Cooldown>0.7</MeleeWeapon_Cooldown>
      </statFactors>
      <smeltable>true</smeltable>
    </stuffProps>
  </ThingDef>
</Defs>