﻿<?xml version="1.0" encoding="utf-8"?>
<Defs>
  <WorkGiverDef>
    <defName>DoBillsMine</defName>
    <label>Robot Mine</label>
    <giverClass>WorkGiver_DoBill</giverClass>
    <workType>Crafting</workType>
    <priorityInType>60</priorityInType>
    <fixedBillGiverDefs>
      <li>RobotMiningComplex</li>
    </fixedBillGiverDefs>
    <verb>Mine</verb>
    <gerund>Mining at</gerund>
    <requiredCapacities>
      <li>Manipulation</li>
    </requiredCapacities>
  </WorkGiverDef>
  <WorkGiverDef>
    <defName>DoBillsAlloyForge</defName>
    <label>Smelt</label>
    <giverClass>WorkGiver_DoBill</giverClass>
    <workType>Crafting</workType>
    <priorityInType>70</priorityInType>
    <fixedBillGiverDefs>
      <li>AlloyForge</li>
    </fixedBillGiverDefs>
    <verb>Smelt</verb>
    <gerund>Smelting at</gerund>
    <requiredCapacities>
      <li>Manipulation</li>
    </requiredCapacities>
  </WorkGiverDef>
  <WorkGiverDef>
    <defName>DoBillsRoboticsWorkbench</defName>
    <label>Make Robotics</label>
    <giverClass>WorkGiver_DoBill</giverClass>
    <workType>Crafting</workType>
    <priorityInType>80</priorityInType>
    <fixedBillGiverDefs>
      <li>RoboticsWorkbench</li>
    </fixedBillGiverDefs>
    <verb>Make</verb>
    <gerund>Making at</gerund>
    <requiredCapacities>
      <li>Manipulation</li>
    </requiredCapacities>
  </WorkGiverDef>
  <WorkGiverDef>
    <defName>DoBillsBioreactor</defName>
    <label>Ferment</label>
    <giverClass>WorkGiver_DoBill</giverClass>
    <workType>Crafting</workType>
    <priorityInType>80</priorityInType>
    <fixedBillGiverDefs>
      <li>Bioreactor</li>
    </fixedBillGiverDefs>
    <verb>Ferment</verb>
    <gerund>Fermenting at</gerund>
    <requiredCapacities>
      <li>Manipulation</li>
    </requiredCapacities>
  </WorkGiverDef>
</Defs>