﻿<?xml version="1.0" encoding="utf-8"?>
<TerrainDefs>
  <TerrainDef ParentName="FloorBase">
    <defName>FertileSoil</defName>
    <label>Fertile soil</label>
    <texturePath>Terrain/Surfaces/SoilRich</texturePath>
    <EdgeType>FadeRough</EdgeType>
    <RenderPrecedence>340</RenderPrecedence>
    <PathCost>2</PathCost>
    <statBases>
      <Beauty>-1</Beauty>
      <Cleanliness>-1</Cleanliness>
    </statBases>
    <CostList>
      <Compost>10</Compost>
    </CostList>
    <researchPrerequisites>
      <li>Bioscience</li>
    </researchPrerequisites>
    <ScatterType>Rocky</ScatterType>
    <affordances>
      <li>Light</li>
      <li>Heavy</li>
      <li>GrowSoil</li>
      <li>Diggable</li>
    </affordances>
    <Fertility>1.0</Fertility>
  </TerrainDef>
</TerrainDefs>